{"cameraMode":{"drawMode":0,"name":"Shaded","section":"Shading Mode"},"sceneLighting":false,"audioPlay":false,"sceneViewState":{"showFog":true,"showMaterialUpdate":false,"showSkybox":false,"showFlares":true,"showImageEffects":true,"showParticleSystems":true},"in2DMode":false,"pivot":{"x":25.01991844177246,"y":0.8906084299087524,"z":11.652610778808594},"rotation":{"x":0.4117186963558197,"y":-0.2596551477909088,"z":0.12350700795650482,"w":0.8648170232772827},"size":4.77433443069458,"orthographic":false}