{"cameraMode":{"drawMode":0,"name":"Shaded","section":"Shading Mode"},"sceneLighting":true,"audioPlay":false,"sceneViewState":{"showFog":true,"showMaterialUpdate":false,"showSkybox":true,"showFlares":true,"showImageEffects":true,"showParticleSystems":true},"in2DMode":false,"pivot":{"x":-0.8754017353057861,"y":24.01496124267578,"z":-23.043285369873048},"rotation":{"x":0.4117186963558197,"y":-0.2596551477909088,"z":0.12350700795650482,"w":0.8648170232772827},"size":-0.8279935717582703,"orthographic":false}