{"cameraMode":{"drawMode":0,"name":"Shaded","section":"Shading Mode"},"sceneLighting":false,"audioPlay":false,"sceneViewState":{"showFog":true,"showMaterialUpdate":false,"showSkybox":false,"showFlares":true,"showImageEffects":true,"showParticleSystems":true},"in2DMode":false,"pivot":{"x":0.013845622539520264,"y":0.6870774030685425,"z":-0.05888831615447998},"rotation":{"x":-0.1094961017370224,"y":0.881696879863739,"z":-0.2514454126358032,"w":-0.3839443624019623},"size":4.230000019073486,"orthographic":false}